flow_name,output_filename
German_AF_AI01_EMAIL_HESITATION.png,German_AF_AI01_EMAIL_HESITATION.png
German_AF_AI02_BLANK_PRESENTATION.png,German_AF_AI02_BLANK_PRESENTATION.png
German_AF_AI03_PAPERWORK_AVOIDANCE.png,German_AF_AI03_PAPERWORK_AVOIDANCE.png
German_AF_AI04_RELIEF_AFTER_DELAY.png,German_AF_AI04_RELIEF_AFTER_DELAY.png
German_AF_AI05_EVALUATION_PRESSURE.png,German_AF_AI05_EVALUATION_PRESSURE.png
German_AF_AI06_DISTANT_DEADLINE.png,German_AF_AI06_DISTANT_DEADLINE.png
German_AF_AI07_AMBIGUITY_NOTES.png,German_AF_AI07_AMBIGUITY_NOTES.png
German_AF_AI08_WAITING_FOR_MOOD.png,German_AF_AI08_WAITING_FOR_MOOD.png
German_AF_AI09_FIRST_CONCRETE_STEP.png,German_AF_AI09_FIRST_CONCRETE_STEP.png
German_AF_GFX01_RELIEF_LOOP.png,German_AF_GFX01_RELIEF_LOOP.png
German_AF_GFX02_DELAY_DISTINCTION.png,German_AF_GFX02_DELAY_DISTINCTION.png
German_AF_GFX03_49_VS_16.png,German_AF_GFX03_49_VS_16.png
German_AF_GFX04_NOW_LATER.png,German_AF_GFX04_NOW_LATER.png
German_AF_GFX05_DIFFERENT_DRIVERS.png,German_AF_GFX05_DIFFERENT_DRIVERS.png
German_AF_GFX06_MECHANISM_RESPONSE.png,German_AF_GFX06_MECHANISM_RESPONSE.png
German_AF_SRC01_HKK_FORSA.png,German_AF_SRC01_HKK_FORSA.png
German_AF_SRC02_ECKERT_2016.png,German_AF_SRC02_ECKERT_2016.png
German_AF_SRC03_STEEL_2007.png,German_AF_SRC03_STEEL_2007.png
German_AF_SRC04_ZHANG_MA_2024.png,German_AF_SRC04_ZHANG_MA_2024.png
